<metadata xml:lang="en"><Esri><CreaDate>20110630</CreaDate><CreaTime>14045900</CreaTime><ArcGISFormat>1.0</ArcGISFormat><SyncOnce>FALSE</SyncOnce><DataProperties><itemProps><itemName Sync="TRUE">Soil_Properties2</itemName><imsContentType Sync="TRUE">002</imsContentType><itemLocation><linkage Sync="TRUE">file://\\LTDECS7NJ81\C$\Documents and Settings\jcobb\My Documents\ArcGIS\SAC-SMA Parameter Derivation\ToolData\Soil_Properties2.dbf</linkage><protocol Sync="TRUE">Local Area Network</protocol></itemLocation><itemSize Sync="TRUE">0.000</itemSize></itemProps><lineage><Process ToolSource="C:\Program Files\ArcGIS\Desktop10.0\ArcToolbox\Toolboxes\Conversion Tools.tbx\TableToTable" Date="20110630" Time="140500">TableToTable "C:\Documents and Settings\jcobb\My Documents\ArcGIS\SAC-SMA Parameter Derivation\ToolData\Soil_Properties2.xlsx\Soil_Properties$" "C:\Documents and Settings\jcobb\My Documents\ArcGIS\Testbed\Testbed.gdb" Soil_Properties2 # "TCODE "TCODE" true true false 8 Double 6 15 ,First,#,C:\Documents and Settings\jcobb\My Documents\ArcGIS\SAC-SMA Parameter Derivation\ToolData\Soil_Properties2.xlsx\Soil_Properties$,TCODE,-1,-1;ABBREV "ABBREV" true true false 255 Text 0 0 ,First,#,C:\Documents and Settings\jcobb\My Documents\ArcGIS\SAC-SMA Parameter Derivation\ToolData\Soil_Properties2.xlsx\Soil_Properties$,ABBREV,-1,-1;NAME "NAME" true true false 255 Text 0 0 ,First,#,C:\Documents and Settings\jcobb\My Documents\ArcGIS\SAC-SMA Parameter Derivation\ToolData\Soil_Properties2.xlsx\Soil_Properties$,NAME,-1,-1;F_sand "F_sand" true true false 8 Double 6 15 ,First,#,C:\Documents and Settings\jcobb\My Documents\ArcGIS\SAC-SMA Parameter Derivation\ToolData\Soil_Properties2.xlsx\Soil_Properties$,F_sand,-1,-1;F_clay "F_clay" true true false 8 Double 6 15 ,First,#,C:\Documents and Settings\jcobb\My Documents\ArcGIS\SAC-SMA Parameter Derivation\ToolData\Soil_Properties2.xlsx\Soil_Properties$,F_clay,-1,-1;THEATA_s "THEATA_s" true true false 8 Double 6 15 ,First,#,C:\Documents and Settings\jcobb\My Documents\ArcGIS\SAC-SMA Parameter Derivation\ToolData\Soil_Properties2.xlsx\Soil_Properties$,THEATA_s,-1,-1;THEATA_fld "THEATA_fld" true true false 8 Double 6 15 ,First,#,C:\Documents and Settings\jcobb\My Documents\ArcGIS\SAC-SMA Parameter Derivation\ToolData\Soil_Properties2.xlsx\Soil_Properties$,THEATA_fld,-1,-1;THEATA_wlt "THEATA_wlt" true true false 8 Double 6 15 ,First,#,C:\Documents and Settings\jcobb\My Documents\ArcGIS\SAC-SMA Parameter Derivation\ToolData\Soil_Properties2.xlsx\Soil_Properties$,THEATA_wlt,-1,-1;K_s "K_s" true true false 8 Double 6 15 ,First,#,C:\Documents and Settings\jcobb\My Documents\ArcGIS\SAC-SMA Parameter Derivation\ToolData\Soil_Properties2.xlsx\Soil_Properties$,K_s,-1,-1;MU "MU" true true false 8 Double 6 15 ,First,#,C:\Documents and Settings\jcobb\My Documents\ArcGIS\SAC-SMA Parameter Derivation\ToolData\Soil_Properties2.xlsx\Soil_Properties$,MU,-1,-1" #</Process><Process ToolSource="C:\Program Files\ArcGIS\Desktop10.0\ArcToolbox\Toolboxes\Conversion Tools.tbx\TableToTable" Date="20110630" Time="140558">TableToTable "C:\Documents and Settings\jcobb\My Documents\ArcGIS\Testbed\Testbed.gdb\Soil_Properties2" "C:\Documents and Settings\jcobb\My Documents\ArcGIS\SAC-SMA Parameter Derivation\ToolData" Soil_Properties2.dbf # "TCODE "TCODE" true true false 8 Double 0 0 ,First,#,C:\Documents and Settings\jcobb\My Documents\ArcGIS\Testbed\Testbed.gdb\Soil_Properties2,TCODE,-1,-1;ABBREV "ABBREV" true true false 255 Text 0 0 ,First,#,C:\Documents and Settings\jcobb\My Documents\ArcGIS\Testbed\Testbed.gdb\Soil_Properties2,ABBREV,-1,-1;NAME "NAME" true true false 255 Text 0 0 ,First,#,C:\Documents and Settings\jcobb\My Documents\ArcGIS\Testbed\Testbed.gdb\Soil_Properties2,NAME,-1,-1;F_sand "F_sand" true true false 8 Double 0 0 ,First,#,C:\Documents and Settings\jcobb\My Documents\ArcGIS\Testbed\Testbed.gdb\Soil_Properties2,F_sand,-1,-1;F_clay "F_clay" true true false 8 Double 0 0 ,First,#,C:\Documents and Settings\jcobb\My Documents\ArcGIS\Testbed\Testbed.gdb\Soil_Properties2,F_clay,-1,-1;THEATA_s "THEATA_s" true true false 8 Double 0 0 ,First,#,C:\Documents and Settings\jcobb\My Documents\ArcGIS\Testbed\Testbed.gdb\Soil_Properties2,THEATA_s,-1,-1;THEATA_fld "THEATA_fld" true true false 8 Double 0 0 ,First,#,C:\Documents and Settings\jcobb\My Documents\ArcGIS\Testbed\Testbed.gdb\Soil_Properties2,THEATA_fld,-1,-1;THEATA_wlt "THEATA_wlt" true true false 8 Double 0 0 ,First,#,C:\Documents and Settings\jcobb\My Documents\ArcGIS\Testbed\Testbed.gdb\Soil_Properties2,THEATA_wlt,-1,-1;K_s "K_s" true true false 8 Double 0 0 ,First,#,C:\Documents and Settings\jcobb\My Documents\ArcGIS\Testbed\Testbed.gdb\Soil_Properties2,K_s,-1,-1;MU "MU" true true false 8 Double 0 0 ,First,#,C:\Documents and Settings\jcobb\My Documents\ArcGIS\Testbed\Testbed.gdb\Soil_Properties2,MU,-1,-1" #</Process></lineage></DataProperties><SyncDate>20110630</SyncDate><SyncTime>14055800</SyncTime><ModDate>20110630</ModDate><ModTime>14055800</ModTime></Esri><dataIdInfo><envirDesc Sync="TRUE">Microsoft Windows XP Version 5.1 (Build 2600) Service Pack 3; ESRI ArcGIS 10.0.2.3200</envirDesc><dataLang><languageCode value="en" country="US"></languageCode></dataLang><idCitation><resTitle Sync="TRUE">Soil_Properties2</resTitle><presForm><PresFormCd value="011"></PresFormCd></presForm></idCitation><spatRpType><SpatRepTypCd value="003"></SpatRepTypCd></spatRpType><descKeys><thesaName uuidref="723f6998-058e-11dc-8314-0800200c9a66"></thesaName><keyword Sync="TRUE">002</keyword></descKeys></dataIdInfo><mdLang><languageCode value="en"></languageCode></mdLang><mdChar><CharSetCd value="004"></CharSetCd></mdChar><distInfo><distFormat><formatName Sync="TRUE">dBASE Table</formatName></distFormat><distTranOps><transSize Sync="TRUE">0.000</transSize></distTranOps></distInfo><mdHrLv><ScopeCd value="007"></ScopeCd></mdHrLv><mdHrLvName Sync="TRUE">dataset</mdHrLvName><eainfo><detailed Name="Soil_Properties2"><enttyp><enttypl Sync="TRUE">Soil_Properties2</enttypl><enttypt Sync="TRUE">Table</enttypt><enttypc Sync="TRUE">0</enttypc></enttyp><attr><attrlabl Sync="TRUE">OID</attrlabl><attalias Sync="TRUE">OID</attalias><attrtype Sync="TRUE">OID</attrtype><attwidth Sync="TRUE">4</attwidth><atprecis Sync="TRUE">0</atprecis><attscale Sync="TRUE">0</attscale><attrdef Sync="TRUE">Internal feature number.</attrdef><attrdefs Sync="TRUE">ESRI</attrdefs><attrdomv><udom Sync="TRUE">Sequential unique whole numbers that are automatically generated.</udom></attrdomv></attr><attr><attrlabl Sync="TRUE">TCODE</attrlabl><attalias Sync="TRUE">TCODE</attalias><attrtype Sync="TRUE">Double</attrtype><attwidth Sync="TRUE">19</attwidth><atprecis Sync="TRUE">0</atprecis><attscale Sync="TRUE">0</attscale></attr><attr><attrlabl Sync="TRUE">ABBREV</attrlabl><attalias Sync="TRUE">ABBREV</attalias><attrtype Sync="TRUE">String</attrtype><attwidth Sync="TRUE">254</attwidth><atprecis Sync="TRUE">0</atprecis><attscale Sync="TRUE">0</attscale></attr><attr><attrlabl Sync="TRUE">NAME</attrlabl><attalias Sync="TRUE">NAME</attalias><attrtype Sync="TRUE">String</attrtype><attwidth Sync="TRUE">254</attwidth><atprecis Sync="TRUE">0</atprecis><attscale Sync="TRUE">0</attscale></attr><attr><attrlabl Sync="TRUE">F_sand</attrlabl><attalias Sync="TRUE">F_sand</attalias><attrtype Sync="TRUE">Double</attrtype><attwidth Sync="TRUE">19</attwidth><atprecis Sync="TRUE">0</atprecis><attscale Sync="TRUE">0</attscale></attr><attr><attrlabl Sync="TRUE">F_clay</attrlabl><attalias Sync="TRUE">F_clay</attalias><attrtype Sync="TRUE">Double</attrtype><attwidth Sync="TRUE">19</attwidth><atprecis Sync="TRUE">0</atprecis><attscale Sync="TRUE">0</attscale></attr><attr><attrlabl Sync="TRUE">THEATA_s</attrlabl><attalias Sync="TRUE">THEATA_s</attalias><attrtype Sync="TRUE">Double</attrtype><attwidth Sync="TRUE">19</attwidth><atprecis Sync="TRUE">0</atprecis><attscale Sync="TRUE">0</attscale></attr><attr><attrlabl Sync="TRUE">THEATA_fld</attrlabl><attalias Sync="TRUE">THEATA_fld</attalias><attrtype Sync="TRUE">Double</attrtype><attwidth Sync="TRUE">19</attwidth><atprecis Sync="TRUE">0</atprecis><attscale Sync="TRUE">0</attscale></attr><attr><attrlabl Sync="TRUE">THEATA_wlt</attrlabl><attalias Sync="TRUE">THEATA_wlt</attalias><attrtype Sync="TRUE">Double</attrtype><attwidth Sync="TRUE">19</attwidth><atprecis Sync="TRUE">0</atprecis><attscale Sync="TRUE">0</attscale></attr><attr><attrlabl Sync="TRUE">K_s</attrlabl><attalias Sync="TRUE">K_s</attalias><attrtype Sync="TRUE">Double</attrtype><attwidth Sync="TRUE">19</attwidth><atprecis Sync="TRUE">0</atprecis><attscale Sync="TRUE">0</attscale></attr><attr><attrlabl Sync="TRUE">MU</attrlabl><attalias Sync="TRUE">MU</attalias><attrtype Sync="TRUE">Double</attrtype><attwidth Sync="TRUE">19</attwidth><atprecis Sync="TRUE">0</atprecis><attscale Sync="TRUE">0</attscale></attr></detailed></eainfo><mdDateSt Sync="TRUE">20110630</mdDateSt></metadata>
