<?xml version="1.0" encoding="UTF-8"?>
<metadata xml:lang="en"><Esri><CreaDate>20110629</CreaDate><CreaTime>15355700</CreaTime><ArcGISFormat>1.0</ArcGISFormat><SyncOnce>TRUE</SyncOnce><DataProperties><lineage><Process ToolSource="C:\Program Files\ArcGIS\Desktop10.0\ArcToolbox\Toolboxes\Spatial Analyst Tools.tbx\CreateConstantRaster" Date="20110629" Time="153557">CreateConstantRaster "C:\Documents and Settings\jcobb\My Documents\ArcGIS\SAC-SMA Parameter Derivation\ToolData\Thickness\US\Thick_8" 500 INTEGER 30 "C:\Documents and Settings\jcobb\My Documents\ArcGIS\Archive\SAC-SMA Parameter Derivation_OLD\Input Variables\Source Data\CONUS_SOIL Soil Texture Class\domtextgrid0"</Process></lineage></DataProperties></Esri></metadata>
